{
    "root_group": {
        "path": "",
        "id": "d41d8cd98f00b204e9800998ecf8427e",
        "groups": {},
        "checks": {
                "status 200": {
                    "id": "fad9fa412b86fcb03bee97c80dcd61f1",
                    "passes": 5000,
                    "fails": 0,
                    "name": "status 200",
                    "path": "::status 200"
                }
            },
        "name": ""
    },
    "metrics": {
        "http_req_duration{expected_response:true}": {
            "p(95)": 2479.5765554999994,
            "p(99)": 3289.54238901,
            "avg": 1243.0218683399978,
            "min": 33.346583,
            "med": 1139.5326255,
            "max": 5279.332002,
            "p(90)": 2108.7172135
        },
        "http_req_blocked": {
            "avg": 0.9856056012000041,
            "min": 0.000791,
            "med": 0.005375,
            "max": 251.780917,
            "p(90)": 0.011212200000000004,
            "p(95)": 0.026176449999999952,
            "p(99)": 19.628824319999964
        },
        "http_req_sending": {
            "avg": 0.6424735566000026,
            "min": 0.003667,
            "med": 0.022667,
            "max": 148.974541,
            "p(90)": 0.04971310000000001,
            "p(95)": 0.07879614999999998,
            "p(99)": 0.4753799999999972
        },
        "http_req_duration": {
            "avg": 1243.0218683399978,
            "min": 33.346583,
            "med": 1139.5326255,
            "max": 5279.332002,
            "p(90)": 2108.7172135,
            "p(95)": 2479.5765554999994,
            "p(99)": 3289.54238901
        },
        "http_req_connecting": {
            "p(90)": 0,
            "p(95)": 0,
            "p(99)": 15.822582409999999,
            "avg": 0.36795828539999986,
            "min": 0,
            "med": 0,
            "max": 106.9415
        },
        "vus_max": {
            "value": 100,
            "min": 100,
            "max": 100
        },
        "http_req_receiving": {
            "med": 0.09981300000000001,
            "max": 125.597209,
            "p(90)": 0.2090042,
            "p(95)": 0.3322485499999998,
            "p(99)": 2.100835829999998,
            "avg": 0.3018649154000011,
            "min": 0.011375
        },
        "data_received": {
            "count": 2504207,
            "rate": 39812.1191021297
        },
        "iterations": {
            "count": 5000,
            "rate": 79.49047163858599
        },
        "http_req_failed": {
            "passes": 0,
            "fails": 5000,
            "value": 0
        },
        "data_sent": {
            "count": 1556994,
            "rate": 24753.23747968971
        },
        "checks": {
            "passes": 5000,
            "fails": 0,
            "value": 1
        },
        "iteration_duration": {
            "avg": 1244.5803106561984,
            "min": 33.436166,
            "med": 1139.8447505,
            "max": 5279.603419,
            "p(90)": 2114.350568,
            "p(95)": 2485.9526409,
            "p(99)": 3289.7851075
        },
        "http_req_tls_handshaking": {
            "max": 0,
            "p(90)": 0,
            "p(95)": 0,
            "p(99)": 0,
            "avg": 0,
            "min": 0,
            "med": 0
        },
        "vus": {
            "max": 100,
            "value": 15,
            "min": 15
        },
        "http_reqs": {
            "count": 5000,
            "rate": 79.49047163858599
        },
        "http_req_waiting": {
            "p(95)": 2477.3089031,
            "p(99)": 3288.4707554099996,
            "avg": 1242.0775298679998,
            "min": 33.302583,
            "med": 1139.1890214999999,
            "max": 5279.165794,
            "p(90)": 2102.8001721
        }
    }
}