{
    "root_group": {
        "id": "d41d8cd98f00b204e9800998ecf8427e",
        "groups": {},
        "checks": {
                "status 200": {
                    "passes": 5000,
                    "fails": 0,
                    "name": "status 200",
                    "path": "::status 200",
                    "id": "fad9fa412b86fcb03bee97c80dcd61f1"
                }
            },
        "name": "",
        "path": ""
    },
    "metrics": {
        "vus": {
            "value": 123,
            "min": 123,
            "max": 200
        },
        "http_req_receiving": {
            "max": 129.503875,
            "p(90)": 0.26260890000000003,
            "p(95)": 0.44583929999999994,
            "p(99)": 2.9085563399999943,
            "avg": 0.411687641799999,
            "min": 0.011875,
            "med": 0.10572899999999999
        },
        "http_req_tls_handshaking": {
            "max": 0,
            "p(90)": 0,
            "p(95)": 0,
            "p(99)": 0,
            "avg": 0,
            "min": 0,
            "med": 0
        },
        "http_req_failed": {
            "passes": 0,
            "fails": 5000,
            "value": 0
        },
        "iterations": {
            "count": 5000,
            "rate": 67.91818728779386
        },
        "data_sent": {
            "count": 1555507,
            "rate": 21129.44315069487
        },
        "http_req_duration{expected_response:true}": {
            "p(95)": 6483.65840475,
            "p(99)": 10714.921460589998,
            "avg": 2911.265255721598,
            "min": 49.353375,
            "med": 2483.553355,
            "max": 18594.972509,
            "p(90)": 5043.2625693
        },
        "http_req_blocked": {
            "avg": 3.3280105641999924,
            "min": 0.000958,
            "med": 0.0055,
            "max": 165.687917,
            "p(90)": 0.016671100000000005,
            "p(95)": 0.06788749999999995,
            "p(99)": 125.18911216999999
        },
        "vus_max": {
            "value": 200,
            "min": 200,
            "max": 200
        },
        "http_reqs": {
            "rate": 67.91818728779386,
            "count": 5000
        },
        "http_req_waiting": {
            "avg": 2910.369400566995,
            "min": 49.266792,
            "med": 2483.4727300000004,
            "max": 18594.892509,
            "p(90)": 5043.147165400001,
            "p(95)": 6483.45833605,
            "p(99)": 10714.799434499997
        },
        "http_req_duration": {
            "max": 18594.972509,
            "p(90)": 5043.2625693,
            "p(95)": 6483.65840475,
            "p(99)": 10714.921460589998,
            "avg": 2911.265255721598,
            "min": 49.353375,
            "med": 2483.553355
        },
        "checks": {
            "passes": 5000,
            "fails": 0,
            "value": 1
        },
        "iteration_duration": {
            "med": 2485.1689595,
            "max": 18595.317842,
            "p(90)": 5043.540198400001,
            "p(95)": 6485.2970713999985,
            "p(99)": 10715.177830829996,
            "avg": 2916.0666907051987,
            "min": 49.505791
        },
        "http_req_sending": {
            "avg": 0.484167512799997,
            "min": 0.003625,
            "med": 0.024375,
            "max": 117.357833,
            "p(90)": 0.06975840000000001,
            "p(95)": 0.1608166499999997,
            "p(99)": 5.0024896699999895
        },
        "data_received": {
            "count": 2502697,
            "rate": 33995.72871411996
        },
        "http_req_connecting": {
            "p(95)": 0,
            "p(99)": 104.97371783,
            "avg": 2.675359660599999,
            "min": 0,
            "med": 0,
            "max": 144.610875,
            "p(90)": 0
        }
    }
}