{
    "metrics": {
        "data_received": {
            "count": 2507460,
            "rate": 35033.9529130674
        },
        "iteration_duration": {
            "max": 3786.33896,
            "p(90)": 679.064292,
            "p(95)": 934.0864458499999,
            "p(99)": 1709.7369064099998,
            "avg": 357.4787214464008,
            "min": 32.120083,
            "med": 270.4027085
        },
        "iterations": {
            "count": 5000,
            "rate": 69.85944524153406
        },
        "http_req_connecting": {
            "min": 0,
            "med": 0,
            "max": 143.21725,
            "p(90)": 0,
            "p(95)": 0,
            "p(99)": 0,
            "avg": 0.552324217
        },
        "http_req_receiving": {
            "min": 0.010417,
            "med": 0.1069585,
            "max": 68.458042,
            "p(90)": 0.2203506,
            "p(95)": 0.3574419999999993,
            "p(99)": 1.6769394999999983,
            "avg": 0.2713274499999994
        },
        "http_req_duration{expected_response:true}": {
            "med": 270.13627099999997,
            "max": 3785.90146,
            "p(90)": 678.2652218000001,
            "p(95)": 933.71808545,
            "p(99)": 1628.2601825799984,
            "avg": 356.3072334400004,
            "min": 31.933167
        },
        "http_req_waiting": {
            "avg": 355.9677488854015,
            "min": 31.778375,
            "med": 269.9457085,
            "max": 3785.757543,
            "p(90)": 678.1437254000001,
            "p(95)": 932.6816749999998,
            "p(99)": 1628.1945350099984
        },
        "vus_max": {
            "value": 25,
            "min": 25,
            "max": 25
        },
        "checks": {
            "passes": 5000,
            "fails": 0,
            "value": 1
        },
        "http_req_tls_handshaking": {
            "med": 0,
            "max": 0,
            "p(90)": 0,
            "p(95)": 0,
            "p(99)": 0,
            "avg": 0,
            "min": 0
        },
        "vus": {
            "min": 25,
            "max": 25,
            "value": 25
        },
        "http_reqs": {
            "count": 5000,
            "rate": 69.85944524153406
        },
        "http_req_duration": {
            "avg": 356.3072334400004,
            "min": 31.933167,
            "med": 270.13627099999997,
            "max": 3785.90146,
            "p(90)": 678.2652218000001,
            "p(95)": 933.71808545,
            "p(99)": 1628.2601825799984
        },
        "http_req_failed": {
            "passes": 0,
            "fails": 5000,
            "value": 0
        },
        "http_req_blocked": {
            "p(90)": 0.010212200000000005,
            "p(95)": 0.017877049999999988,
            "p(99)": 0.08277707999999988,
            "avg": 0.633550224999996,
            "min": 0.001167,
            "med": 0.006,
            "max": 152.735416
        },
        "http_req_sending": {
            "p(95)": 0.07084549999999994,
            "p(99)": 0.2262979199999998,
            "avg": 0.06815710459999984,
            "min": 0.003625,
            "med": 0.02325,
            "max": 61.488167,
            "p(90)": 0.0477081
        },
        "data_sent": {
            "count": 1560611,
            "rate": 21804.683739567143
        }
    },
    "root_group": {
        "id": "d41d8cd98f00b204e9800998ecf8427e",
        "groups": {},
        "checks": {
                "status 200": {
                    "name": "status 200",
                    "path": "::status 200",
                    "id": "fad9fa412b86fcb03bee97c80dcd61f1",
                    "passes": 5000,
                    "fails": 0
                }
            },
        "name": "",
        "path": ""
    }
}