{
    "metrics": {
        "http_req_blocked": {
            "p(99)": 2.6880529199997047,
            "avg": 0.22075131800000286,
            "min": 0.000708,
            "med": 0.005792,
            "max": 56.636542,
            "p(90)": 0.011167,
            "p(95)": 0.02025
        },
        "data_received": {
            "count": 2505416,
            "rate": 34496.346798396014
        },
        "vus_max": {
            "value": 50,
            "min": 50,
            "max": 50
        },
        "http_req_duration{expected_response:true}": {
            "med": 630.0442085,
            "max": 3669.24821,
            "p(90)": 1291.7937170000002,
            "p(95)": 1664.8998104999996,
            "p(99)": 2253.8365188299995,
            "avg": 723.0734194128006,
            "min": 57.855
        },
        "iterations": {
            "count": 5000,
            "rate": 68.84355092806148
        },
        "checks": {
            "passes": 5000,
            "fails": 0,
            "value": 1
        },
        "data_sent": {
            "count": 1557805,
            "rate": 21448.96557069776
        },
        "http_reqs": {
            "rate": 68.84355092806148,
            "count": 5000
        },
        "vus": {
            "value": 50,
            "min": 50,
            "max": 50
        },
        "http_req_connecting": {
            "p(99)": 0.052366249999767495,
            "avg": 0.14607043279999998,
            "min": 0,
            "med": 0,
            "max": 21.485625,
            "p(90)": 0,
            "p(95)": 0
        },
        "http_req_failed": {
            "passes": 0,
            "fails": 5000,
            "value": 0
        },
        "http_req_tls_handshaking": {
            "med": 0,
            "max": 0,
            "p(90)": 0,
            "p(95)": 0,
            "p(99)": 0,
            "avg": 0,
            "min": 0
        },
        "http_req_duration": {
            "avg": 723.0734194128006,
            "min": 57.855,
            "med": 630.0442085,
            "max": 3669.24821,
            "p(90)": 1291.7937170000002,
            "p(95)": 1664.8998104999996,
            "p(99)": 2253.8365188299995
        },
        "http_req_receiving": {
            "med": 0.1050625,
            "max": 108.1825,
            "p(90)": 0.22405440000000001,
            "p(95)": 0.3515309499999997,
            "p(99)": 1.502219669999997,
            "avg": 0.3031483732,
            "min": 0.008417
        },
        "iteration_duration": {
            "p(90)": 1295.9079971000003,
            "p(95)": 1665.2574590499999,
            "p(99)": 2257.5039897499996,
            "avg": 723.9448990134006,
            "min": 58.106417,
            "med": 630.3131045,
            "max": 3669.467876
        },
        "http_req_sending": {
            "p(95)": 0.08340624999999986,
            "p(99)": 0.2984216599999998,
            "avg": 0.07134095100000003,
            "min": 0.003167,
            "med": 0.023375,
            "max": 68.320792,
            "p(90)": 0.0522122
        },
        "http_req_waiting": {
            "p(90)": 1290.5620007000002,
            "p(95)": 1664.7322447499998,
            "p(99)": 2252.11607109,
            "avg": 722.698930088601,
            "min": 57.754125,
            "med": 629.1531465,
            "max": 3668.798877
        }
    },
    "root_group": {
        "checks": {
            "status 200": {
                "name": "status 200",
                "path": "::status 200",
                "id": "fad9fa412b86fcb03bee97c80dcd61f1",
                "passes": 5000,
                "fails": 0
            }
        },
        "name": "",
        "path": "",
        "id": "d41d8cd98f00b204e9800998ecf8427e",
        "groups": {}
    }
}