{
  "generated_at_epoch": 1779935768.431542,
  "benchmark": "event_registry_k6_progressive",
  "duplicate_baselines": 0,
  "dlq_captures": 1,
  "runs": [
    {
      "concurrency": 25,
      "total_requests": 5000,
      "success_count": 5000,
      "failure_count": 0,
      "p50_ms": 270.13627099999997,
      "p90_ms": 678.2652218000001,
      "p95_ms": 933.71808545,
      "p99_ms": 1628.2601825799984,
      "throughput_rps": 69.85944524153406
    },
    {
      "concurrency": 50,
      "total_requests": 5000,
      "success_count": 5000,
      "failure_count": 0,
      "p50_ms": 630.0442085,
      "p90_ms": 1291.7937170000002,
      "p95_ms": 1664.8998104999996,
      "p99_ms": 2253.8365188299995,
      "throughput_rps": 68.84355092806148
    },
    {
      "concurrency": 100,
      "total_requests": 5000,
      "success_count": 5000,
      "failure_count": 0,
      "p50_ms": 1139.5326255,
      "p90_ms": 2108.7172135,
      "p95_ms": 2479.5765554999994,
      "p99_ms": 3289.54238901,
      "throughput_rps": 79.49047163858599
    },
    {
      "concurrency": 200,
      "total_requests": 5000,
      "success_count": 5000,
      "failure_count": 0,
      "p50_ms": 2483.553355,
      "p90_ms": 5043.2625693,
      "p95_ms": 6483.65840475,
      "p99_ms": 10714.921460589998,
      "throughput_rps": 67.91818728779386
    }
  ]
}