{
    "root_group": {
        "name": "",
        "path": "",
        "id": "d41d8cd98f00b204e9800998ecf8427e",
        "groups": {},
        "checks": {
                "status 200": {
                    "name": "status 200",
                    "path": "::status 200",
                    "id": "fad9fa412b86fcb03bee97c80dcd61f1",
                    "passes": 903,
                    "fails": 0
                }
            }
    },
    "metrics": {
        "checks": {
            "passes": 903,
            "fails": 0,
            "value": 1
        },
        "http_req_duration{expected_response:true}": {
            "max": 12853.088923,
            "p(90)": 9246.401479600001,
            "p(95)": 9885.869554699997,
            "avg": 5975.632893632331,
            "min": 1580.712334,
            "med": 5494.575336
        },
        "http_reqs": {
            "count": 903,
            "rate": 31.228198070693374
        },
        "iteration_duration": {
            "avg": 6055.462057768539,
            "min": 1593.090084,
            "med": 5512.791378,
            "max": 13369.415632,
            "p(90)": 9636.4970716,
            "p(95)": 10107.6105214
        },
        "http_req_sending": {
            "avg": 23.448214760797335,
            "min": 0.005792,
            "med": 0.038166,
            "max": 277.8855,
            "p(90)": 178.9193754,
            "p(95)": 229.8120288
        },
        "http_req_duration": {
            "p(90)": 9246.401479600001,
            "p(95)": 9885.869554699997,
            "avg": 5975.632893632331,
            "min": 1580.712334,
            "med": 5494.575336,
            "max": 12853.088923,
            "thresholds": {
                "p(95)<1500": true
            }
        },
        "vus": {
            "value": 7,
            "min": 7,
            "max": 200
        },
        "http_req_connecting": {
            "p(95)": 147.2552628,
            "avg": 19.77079815060908,
            "min": 0,
            "med": 0,
            "max": 308.673501,
            "p(90)": 107.75518340000002
        },
        "vus_max": {
            "max": 200,
            "value": 200,
            "min": 200
        },
        "http_req_tls_handshaking": {
            "max": 0,
            "p(90)": 0,
            "p(95)": 0,
            "avg": 0,
            "min": 0,
            "med": 0
        },
        "http_req_failed": {
            "fails": 903,
            "passes": 0,
            "thresholds": {
                "rate<0.01": false
            },
            "value": 0
        },
        "http_req_blocked": {
            "p(90)": 266.5891092,
            "p(95)": 450.3602455,
            "avg": 59.51347644186047,
            "min": 0.001958,
            "med": 0.009458,
            "max": 476.125708
        },
        "data_received": {
            "count": 628588,
            "rate": 21738.28412941418
        },
        "iterations": {
            "count": 903,
            "rate": 31.228198070693374
        },
        "http_req_receiving": {
            "min": 0.023042,
            "med": 0.117625,
            "max": 66.258708,
            "p(90)": 0.2540756,
            "p(95)": 0.3761416999999999,
            "avg": 0.4402262048726462
        },
        "data_sent": {
            "count": 295267,
            "rate": 10211.13661100711
        },
        "http_req_waiting": {
            "avg": 5951.744452666666,
            "min": 1580.547875,
            "med": 5494.420127,
            "max": 12852.573839,
            "p(90)": 9187.855270600001,
            "p(95)": 9725.809142099999
        }
    }
}