{
    "root_group": {
        "groups": {},
        "checks": {
                "status is 200": {
                    "name": "status is 200",
                    "path": "::status is 200",
                    "id": "6210a8cd14cd70477eba5c5e4cb3fb5f",
                    "passes": 100,
                    "fails": 0
                }
            },
        "name": "",
        "path": "",
        "id": "d41d8cd98f00b204e9800998ecf8427e"
    },
    "metrics": {
        "http_req_receiving": {
            "p(90)": 0.20595000000000002,
            "p(95)": 0.43490894999999935,
            "avg": 0.3262758500000002,
            "min": 0.033625,
            "med": 0.1153755,
            "max": 15.063125
        },
        "http_reqs": {
            "rate": 50.86881496805764,
            "count": 100
        },
        "checks": {
            "passes": 100,
            "fails": 0,
            "value": 1
        },
        "data_received": {
            "count": 67344,
            "rate": 34257.09475208874
        },
        "http_req_connecting": {
            "p(95)": 0.2532916499999777,
            "avg": 0.32773208000000004,
            "min": 0,
            "med": 0,
            "max": 7.336083,
            "p(90)": 0
        },
        "data_sent": {
            "count": 30000,
            "rate": 15260.644490417293
        },
        "iteration_duration": {
            "med": 49.912771,
            "max": 494.881501,
            "p(90)": 214.93347860000003,
            "p(95)": 269.13299199999926,
            "avg": 96.90775342,
            "min": 16.622917
        },
        "http_req_duration{expected_response:true}": {
            "min": 15.620959,
            "med": 49.5412295,
            "max": 429.220667,
            "p(90)": 213.68809140000002,
            "p(95)": 265.5138875499995,
            "avg": 93.1420788
        },
        "http_req_failed": {
            "passes": 0,
            "fails": 100,
            "value": 0
        },
        "http_req_tls_handshaking": {
            "max": 0,
            "p(90)": 0,
            "p(95)": 0,
            "avg": 0,
            "min": 0,
            "med": 0
        },
        "http_req_waiting": {
            "p(95)": 247.9524756499999,
            "avg": 90.49339838000002,
            "min": 15.340417,
            "med": 49.266645499999996,
            "max": 429.020542,
            "p(90)": 213.08
        },
        "iterations": {
            "count": 100,
            "rate": 50.86881496805764
        },
        "vus": {
            "value": 2,
            "min": 2,
            "max": 5
        },
        "http_req_duration": {
            "med": 49.5412295,
            "max": 429.220667,
            "p(90)": 213.68809140000002,
            "p(95)": 265.5138875499995,
            "avg": 93.1420788,
            "min": 15.620959
        },
        "http_req_blocked": {
            "max": 64.944458,
            "p(90)": 0.015808100000000005,
            "p(95)": 3.3007381499997166,
            "avg": 3.24537001,
            "min": 0.001666,
            "med": 0.0055
        },
        "http_req_sending": {
            "avg": 2.32240457,
            "min": 0.008625,
            "med": 0.023188,
            "max": 137.045083,
            "p(90)": 0.0600584,
            "p(95)": 0.2661285499999998
        },
        "vus_max": {
            "value": 5,
            "min": 5,
            "max": 5
        }
    }
}